"outlierScore","ID","M1_T1","M1_T2","M1_T3","M1_T4","M1_T5","M1_T6","M1_T7","M1_T8","M2_T1","M2_T2","M2_T3","M2_T4","M2_T5","M2_T6","M2_T7","M2_T8","M3_T1","M3_T2","M3_T3","M3_T4","M3_T5","M3_T6","M3_T7","M3_T8","M4_T1","M4_T2","M4_T3","M4_T4","M4_T5","M4_T6","M4_T7","M4_T8","M5_T1","M5_T2","M5_T3","M5_T4","M5_T5","M5_T6","M5_T7","M5_T8","M6_T1","M6_T2","M6_T3","M6_T4","M6_T5","M6_T6","M6_T7","M6_T8"
0.862906834403381,3412,82.51,0,300,0,0,200.17,0,3478.56,82.51,0,300,0,0,200.17,0,3478.56,82.51,0,300,0,0,200.17,0,3478.56,82.51,0,300,0,0,200.17,0,3478.56,82.51,0,300,0,0,200.17,0,3478.56,82.51,0,300,0,0,200.17,0,3478.56
0.858983873736225,84308,24.36,0,342,0,0,201.97,0,3470.99,24.36,0,342,0,0,201.97,0,3470.99,24.36,0,342,0,0,201.97,0,3470.99,24.36,0,342,0,0,201.97,0,3470.99,24.36,0,342,0,0,201.97,0,3470.99,24.36,0,342,0,0,201.97,0,3470.99
0.803206192146613,99885,35.72,0,318,0,0,198.51,0,3380.38,35.72,0,318,0,0,198.51,0,3380.38,35.72,0,318,0,0,198.51,0,3380.38,35.72,0,318,0,0,198.51,0,3380.38,35.72,0,318,0,0,198.51,0,3380.38,35.72,0,318,0,0,198.51,0,3380.38
0.787644804218321,80292,49.76,0,247,0,0,220.12,0,3324.53,49.76,0,247,0,0,220.12,0,3324.53,49.76,0,247,0,0,220.12,0,3324.53,49.76,0,247,0,0,220.12,0,3324.53,49.76,0,247,0,0,220.12,0,3324.53,49.76,0,247,0,0,220.12,0,3324.53
0.763185543806704,900,34.3,0,364,0,0,214.46,0,3300.07,34.3,0,364,0,0,214.46,0,3300.07,34.3,0,364,0,0,214.46,0,3300.07,34.3,0,364,0,0,214.46,0,3300.07,34.3,0,364,0,0,214.46,0,3300.07,34.3,0,364,0,0,214.46,0,3300.07
0.733509492636528,56775,86.98,0,436,0,0,196.53,0,2925.75,86.98,0,436,0,0,196.53,0,2925.75,86.98,0,436,0,0,196.53,0,2925.75,86.98,0,436,0,0,196.53,0,2925.75,86.98,0,436,0,0,196.53,0,2925.75,86.98,0,436,0,0,196.53,0,2925.75
